{
  "skew_adjustment_factor": 1.9987652909120803,
  "adverse_selection_adjustment_factor": 0.5868332569864547,
  "adverse_selection_lambda": 0.5189315417369992,
  "inventory_urgency_threshold": 0.4963264677223334,
  "liquidation_rate_multiplier": 51.893154173699926,
  "min_spread_base_ratio": 0.4455162848092048,
  "adverse_selection_spread_scale": 118.94225807415832,
  "control_gap_threshold": 1.131968550442116
}